pi1_time,pi1_time,pi1_time,pi2_parent,pi2_time,pi3_parent,pi3_time,pi4_parent,pi4_time,pi5_parent,pi5_time,pi6_parent,pi6_time,pi7_parent,pi7_time,pi8_parent,pi8_time,pi9_parent,pi9_time,pi10_parent,pi10_time
2859,root,,6,Wed 19 Feb 16:23:22 EST 2020,9,Wed 19 Feb 16:23:40 EST 2020,1,Wed 19 Feb 16:23:25 EST 2020,6,Wed 19 Feb 16:23:43 EST 2020,1,Wed 19 Feb 16:22:48 EST 2020,8,Wed 19 Feb 16:23:22 EST 2020,1,Wed 19 Feb 16:23:12 EST 2020,6,Wed 19 Feb 16:23:02 EST 2020,9,Wed 19 Feb 16:23:27 EST 2020
2856,root,,7,Wed 19 Feb 16:13:50 EST 2020,2,Wed 19 Feb 2020 04:14:11 PM EST,1,Wed 19 Feb 16:13:16 EST 2020,6,Wed 19 Feb 16:14:12 EST 2020,4,Wed 19 Feb 16:13:30 EST 2020,8,Wed 19 Feb 16:13:18 EST 2020,1,Wed 19 Feb 16:13:03 EST 2020,1,Wed 19 Feb 16:13:32 EST 2020,4,Wed 19 Feb 16:14:09 EST 2020
2855,root,,7,Wed 19 Feb 16:10:26 EST 2020,2,Wed 19 Feb 2020 04:10:52 PM EST,6,Wed 19 Feb 16:10:55 EST 2020,10,Wed 19 Feb 16:10:54 EST 2020,1,Wed 19 Feb 16:10:15 EST 2020,1,Wed 19 Feb 16:09:56 EST 2020,6,Wed 19 Feb 16:10:43 EST 2020,7,Wed 19 Feb 16:10:43 EST 2020,2,Wed 19 Feb 2020 04:10:40 PM EST
2846,root,,1,Wed 19 Feb 15:43:43 EST 2020,6,Wed 19 Feb 15:44:04 EST 2020,1,Wed 19 Feb 15:44:10 EST 2020,2,Wed 19 Feb 2020 03:44:12 PM EST,1,Wed 19 Feb 15:43:15 EST 2020,9,Wed 19 Feb 15:43:56 EST 2020,1,Wed 19 Feb 15:43:57 EST 2020,6,Wed 19 Feb 15:43:30 EST 2020,2,Wed 19 Feb 2020 03:43:59 PM EST
2865,root,,1,Wed 19 Feb 16:40:43 EST 2020,9,Wed 19 Feb 16:41:40 EST 2020,2,Wed 19 Feb 2020 04:41:16 PM EST,2,Wed 19 Feb 2020 04:41:42 PM EST,4,Wed 19 Feb 16:41:30 EST 2020,1,Wed 19 Feb 16:41:12 EST 2020,2,Wed 19 Feb 2020 04:41:03 PM EST,7,Wed 19 Feb 16:41:27 EST 2020,1,Wed 19 Feb 16:41:32 EST 2020
2839,root,,9,Wed 19 Feb 15:24:08 EST 2020,4,Wed 19 Feb 15:23:48 EST 2020,1,Wed 19 Feb 15:23:25 EST 2020,4,Wed 19 Feb 15:24:00 EST 2020,10,Wed 19 Feb 15:24:03 EST 2020,1,Wed 19 Feb 15:23:59 EST 2020,1,Wed 19 Feb 15:23:13 EST 2020,1,Wed 19 Feb 15:23:43 EST 2020,4,Wed 19 Feb 15:23:35 EST 2020
2850,root,,6,Wed 19 Feb 15:55:54 EST 2020,1,Wed 19 Feb 15:55:36 EST 2020,3,Wed Feb 19 20:56:05 UTC 2020,1,Wed 19 Feb 15:55:49 EST 2020,1,Wed 19 Feb 15:55:04 EST 2020,9,Wed 19 Feb 15:55:27 EST 2020,10,Wed 19 Feb 15:56:02 EST 2020,6,Wed 19 Feb 15:55:16 EST 2020,1,Wed 19 Feb 15:55:23 EST 2020
2864,root,,4,Wed 19 Feb 16:38:36 EST 2020,6,Wed 19 Feb 16:38:39 EST 2020,1,Wed 19 Feb 16:38:25 EST 2020,8,Wed 19 Feb 16:38:50 EST 2020,1,Wed 19 Feb 16:37:53 EST 2020,2,Wed 19 Feb 2020 04:38:51 PM EST,1,Wed 19 Feb 16:38:12 EST 2020,1,Wed 19 Feb 16:38:49 EST 2020,8,Wed 19 Feb 16:38:37 EST 2020
2845,root,,6,Wed 19 Feb 15:40:14 EST 2020,2,Wed 19 Feb 2020 03:40:39 PM EST,7,Wed 19 Feb 15:41:17 EST 2020,10,Wed 19 Feb 15:40:51 EST 2020,1,Wed 19 Feb 15:40:03 EST 2020,1,Wed 19 Feb 15:40:34 EST 2020,1,Wed 19 Feb 15:41:12 EST 2020,6,Wed 19 Feb 15:40:46 EST 2020,2,Wed 19 Feb 2020 03:40:26 PM EST
2869,root,,1,Wed 19 Feb 16:51:59 EST 2020,2,Wed 19 Feb 2020 04:53:02 PM EST,8,Wed 19 Feb 16:52:49 EST 2020,1,Wed 19 Feb 16:53:05 EST 2020,1,Wed 19 Feb 16:53:20 EST 2020,10,Wed 19 Feb 16:53:08 EST 2020,1,Wed 19 Feb 16:52:39 EST 2020,2,Wed 19 Feb 2020 04:52:24 PM EST,1,Wed 19 Feb 16:52:52 EST 2020
2835,root,,1,Wed 19 Feb 15:12:17 EST 2020,1,Wed 19 Feb 15:11:33 EST 2020,9,Wed 19 Feb 15:12:03 EST 2020,1,Wed 19 Feb 15:11:46 EST 2020,10,Wed 19 Feb 15:11:55 EST 2020,5,Wed 19 Feb 14:06:03 EST 2020,3,Wed Feb 19 20:12:01 UTC 2020,10,Wed 19 Feb 15:11:33 EST 2020,1,Wed 19 Feb 15:11:20 EST 2020
2871,root,,10,Wed 19 Feb 16:58:53 EST 2020,1,Wed 19 Feb 16:58:24 EST 2020,5,Wed 19 Feb 15:52:57 EST 2020,1,Wed 19 Feb 16:58:37 EST 2020,2,Wed 19 Feb 2020 04:59:34 PM EST,1,Wed 19 Feb 16:58:54 EST 2020,9,Wed 19 Feb 16:58:53 EST 2020,10,Wed 19 Feb 16:58:35 EST 2020,1,Wed 19 Feb 16:58:12 EST 2020
2861,root,,1,Wed 19 Feb 16:28:53 EST 2020,8,Wed 19 Feb 16:30:00 EST 2020,2,Wed 19 Feb 2020 04:29:18 PM EST,7,Wed 19 Feb 16:30:09 EST 2020,1,Wed 19 Feb 16:29:15 EST 2020,8,Wed 19 Feb 16:29:34 EST 2020,2,Wed 19 Feb 2020 04:29:05 PM EST,4,Wed 19 Feb 16:29:29 EST 2020,8,Wed 19 Feb 16:29:48 EST 2020
2838,root,,7,Wed 19 Feb 15:20:56 EST 2020,1,Wed 19 Feb 15:20:43 EST 2020,10,Wed 19 Feb 15:21:12 EST 2020,1,Wed 19 Feb 15:20:56 EST 2020,7,Wed 19 Feb 15:20:34 EST 2020,1,Wed 19 Feb 15:19:58 EST 2020,3,Wed Feb 19 20:21:09 UTC 2020,7,Wed 19 Feb 15:21:21 EST 2020,1,Wed 19 Feb 15:20:30 EST 2020
2841,root,,1,Wed 19 Feb 15:29:21 EST 2020,1,Wed 19 Feb 15:28:54 EST 2020,10,Wed 19 Feb 15:29:06 EST 2020,1,Wed 19 Feb 15:29:06 EST 2020,10,Wed 19 Feb 15:29:28 EST 2020,3,Wed Feb 19 20:29:25 UTC 2020,10,Wed 19 Feb 15:28:53 EST 2020,5,Wed 19 Feb 14:23:07 EST 2020,1,Wed 19 Feb 15:28:41 EST 2020
2862,root,,7,Wed 19 Feb 16:32:48 EST 2020,1,Wed 19 Feb 16:32:20 EST 2020,8,Wed 19 Feb 16:32:54 EST 2020,6,Wed 19 Feb 16:32:29 EST 2020,1,Wed 19 Feb 16:32:06 EST 2020,3,Wed Feb 19 21:32:34 UTC 2020,1,Wed 19 Feb 16:32:43 EST 2020,10,Wed 19 Feb 16:32:32 EST 2020,6,Wed 19 Feb 16:32:16 EST 2020
2849,root,,1,Wed 19 Feb 15:52:53 EST 2020,1,Wed 19 Feb 15:52:21 EST 2020,10,Wed 19 Feb 15:52:51 EST 2020,1,Wed 19 Feb 15:52:34 EST 2020,3,Wed Feb 19 20:52:32 UTC 2020,6,Wed 19 Feb 15:53:02 EST 2020,10,Wed 19 Feb 15:52:38 EST 2020,10,Wed 19 Feb 15:52:25 EST 2020,1,Wed 19 Feb 15:52:08 EST 2020
2858,root,,7,Wed 19 Feb 16:19:58 EST 2020,1,Wed 19 Feb 16:20:14 EST 2020,7,Wed 19 Feb 16:20:21 EST 2020,1,Wed 19 Feb 16:20:27 EST 2020,8,Wed 19 Feb 16:20:51 EST 2020,1,Wed 19 Feb 16:19:39 EST 2020,2,Wed 19 Feb 2020 04:20:13 PM EST,4,Wed 19 Feb 16:20:34 EST 2020,1,Wed 19 Feb 16:20:02 EST 2020
2847,root,,1,Wed 19 Feb 15:46:53 EST 2020,9,Wed 19 Feb 15:46:26 EST 2020,10,Wed 19 Feb 15:47:05 EST 2020,9,Wed 19 Feb 15:46:38 EST 2020,3,Wed Feb 19 20:46:44 UTC 2020,2,Wed 19 Feb 2020 03:47:02 PM EST,10,Wed 19 Feb 15:46:52 EST 2020,1,Wed 19 Feb 15:45:55 EST 2020,9,Wed 19 Feb 15:46:13 EST 2020
2836,root,,1,Wed 19 Feb 15:14:34 EST 2020,2,Wed 19 Feb 2020 03:15:02 PM EST,10,Wed 19 Feb 15:15:26 EST 2020,2,Wed 19 Feb 2020 03:15:14 PM EST,7,Wed 19 Feb 15:15:05 EST 2020,9,Wed 19 Feb 15:14:27 EST 2020,1,Wed 19 Feb 15:15:24 EST 2020,1,Wed 19 Feb 15:14:16 EST 2020,2,Wed 19 Feb 2020 03:14:49 PM EST
2863,root,,1,Wed 19 Feb 16:35:14 EST 2020,2,Wed 19 Feb 2020 04:35:42 PM EST,9,Wed 19 Feb 16:35:38 EST 2020,2,Wed 19 Feb 2020 04:35:55 PM EST,1,Wed 19 Feb 16:35:57 EST 2020,1,Wed 19 Feb 16:35:41 EST 2020,9,Wed 19 Feb 16:35:26 EST 2020,1,Wed 19 Feb 16:34:42 EST 2020,2,Wed 19 Feb 2020 04:35:29 PM EST
2860,root,,1,Wed 19 Feb 16:26:18 EST 2020,1,Wed 19 Feb 16:26:59 EST 2020,9,Wed 19 Feb 16:26:31 EST 2020,9,Wed 19 Feb 16:27:08 EST 2020,2,Wed 19 Feb 2020 04:26:28 PM EST,1,Wed 19 Feb 16:26:43 EST 2020,9,Wed 19 Feb 16:26:18 EST 2020,1,Wed 19 Feb 16:25:53 EST 2020,9,Wed 19 Feb 16:26:55 EST 2020
2834,root,,5,Wed 19 Feb 14:03:18 EST 2020,7,Wed 19 Feb 15:09:05 EST 2020,6,Wed 19 Feb 15:09:19 EST 2020,9,Wed 19 Feb 15:09:18 EST 2020,1,Wed 19 Feb 15:08:32 EST 2020,1,Wed 19 Feb 15:08:49 EST 2020,6,Wed 19 Feb 15:09:06 EST 2020,6,Wed 19 Feb 15:08:49 EST 2020,9,Wed 19 Feb 15:09:04 EST 2020
2844,root,,1,Wed 19 Feb 15:37:09 EST 2020,2,Wed 19 Feb 2020 03:37:38 PM EST,1,Wed 19 Feb 15:38:09 EST 2020,2,Wed 19 Feb 2020 03:37:50 PM EST,10,Wed 19 Feb 15:37:48 EST 2020,1,Wed 19 Feb 15:37:22 EST 2020,1,Wed 19 Feb 15:37:56 EST 2020,10,Wed 19 Feb 15:38:07 EST 2020,2,Wed 19 Feb 2020 03:37:25 PM EST
2842,root,,9,Wed 19 Feb 15:31:58 EST 2020,1,Wed 19 Feb 15:32:11 EST 2020,10,Wed 19 Feb 15:32:38 EST 2020,1,Wed 19 Feb 15:32:23 EST 2020,10,Wed 19 Feb 15:32:15 EST 2020,9,Wed 19 Feb 15:32:28 EST 2020,2,Wed 19 Feb 2020 03:32:27 PM EST,1,Wed 19 Feb 15:31:09 EST 2020,1,Wed 19 Feb 15:31:58 EST 2020
2833,root,,5,Wed 19 Feb 14:00:23 EST 2020,1,Wed 19 Feb 15:06:08 EST 2020,10,Wed 19 Feb 15:06:47 EST 2020,1,Wed 19 Feb 15:06:21 EST 2020,9,Wed 19 Feb 15:06:50 EST 2020,10,Wed 19 Feb 15:06:15 EST 2020,3,Wed Feb 19 20:06:37 UTC 2020,7,Wed 19 Feb 15:06:26 EST 2020,1,Wed 19 Feb 15:05:55 EST 2020
2852,root,,7,Wed 19 Feb 16:01:21 EST 2020,7,Wed 19 Feb 16:01:51 EST 2020,1,Wed 19 Feb 16:02:16 EST 2020,3,Wed Feb 19 21:02:03 UTC 2020,2,Wed 19 Feb 2020 04:01:54 PM EST,1,Wed 19 Feb 16:01:09 EST 2020,1,Wed 19 Feb 16:02:04 EST 2020,1,Wed 19 Feb 16:01:40 EST 2020,7,Wed 19 Feb 16:01:38 EST 2020
2837,root,,9,Wed 19 Feb 15:17:20 EST 2020,1,Wed 19 Feb 15:17:47 EST 2020,9,Wed 19 Feb 15:17:39 EST 2020,4,Wed 19 Feb 15:17:55 EST 2020,2,Wed 19 Feb 2020 03:17:56 PM EST,2,Wed 19 Feb 2020 03:18:12 PM EST,2,Wed 19 Feb 2020 03:17:36 PM EST,1,Wed 19 Feb 15:17:09 EST 2020,1,Wed 19 Feb 15:17:34 EST 2020
2870,root,,7,Wed 19 Feb 16:55:49 EST 2020,2,Wed 19 Feb 2020 04:56:03 PM EST,1,Wed 19 Feb 16:55:27 EST 2020,4,Wed 19 Feb 16:56:07 EST 2020,8,Wed 19 Feb 16:55:41 EST 2020,1,Wed 19 Feb 16:55:01 EST 2020,1,Wed 19 Feb 16:55:14 EST 2020,2,Wed 19 Feb 2020 04:56:19 PM EST,1,Wed 19 Feb 16:56:02 EST 2020
2832,root,,1,Wed 19 Feb 15:02:23 EST 2020,2,Wed 19 Feb 2020 03:03:32 PM EST,7,Wed 19 Feb 15:03:07 EST 2020,1,Wed 19 Feb 15:03:44 EST 2020,2,Wed 19 Feb 2020 03:02:48 PM EST,1,Wed 19 Feb 15:02:51 EST 2020,6,Wed 19 Feb 15:03:01 EST 2020,6,Wed 19 Feb 15:03:15 EST 2020,1,Wed 19 Feb 15:03:31 EST 2020
2868,root,,1,Wed 19 Feb 16:49:12 EST 2020,6,Wed 19 Feb 16:49:51 EST 2020,7,Wed 19 Feb 16:50:05 EST 2020,2,Wed 19 Feb 2020 04:49:58 PM EST,1,Wed 19 Feb 16:49:28 EST 2020,1,Wed 19 Feb 16:49:43 EST 2020,1,Wed 19 Feb 16:49:56 EST 2020,6,Wed 19 Feb 16:50:05 EST 2020,2,Wed 19 Feb 2020 04:49:45 PM EST
2857,root,,1,Wed 19 Feb 16:17:00 EST 2020,9,Wed 19 Feb 16:17:26 EST 2020,2,Wed 19 Feb 2020 04:17:54 PM EST,1,Wed 19 Feb 16:17:36 EST 2020,1,Wed 19 Feb 16:16:41 EST 2020,1,Wed 19 Feb 16:17:20 EST 2020,7,Wed 19 Feb 16:17:51 EST 2020,1,Wed 19 Feb 16:16:28 EST 2020,9,Wed 19 Feb 16:17:13 EST 2020
2866,root,,8,Wed 19 Feb 16:43:55 EST 2020,4,Wed 19 Feb 16:44:07 EST 2020,1,Wed 19 Feb 16:43:38 EST 2020,1,Wed 19 Feb 16:44:09 EST 2020,2,Wed 19 Feb 2020 04:44:06 PM EST,8,Wed 19 Feb 16:44:28 EST 2020,1,Wed 19 Feb 16:43:26 EST 2020,4,Wed 19 Feb 16:44:26 EST 2020,1,Wed 19 Feb 16:43:56 EST 2020
2853,root,,1,Wed 19 Feb 16:04:12 EST 2020,1,Wed 19 Feb 16:05:04 EST 2020,2,Wed 19 Feb 2020 04:04:41 PM EST,2,Wed 19 Feb 2020 04:05:09 PM EST,2,Wed 19 Feb 2020 04:04:55 PM EST,9,Wed 19 Feb 16:04:48 EST 2020,2,Wed 19 Feb 2020 04:04:28 PM EST,1,Wed 19 Feb 16:04:34 EST 2020,1,Wed 19 Feb 16:04:51 EST 2020
2840,root,,1,Wed 19 Feb 15:25:58 EST 2020,2,Wed 19 Feb 2020 03:26:40 PM EST,1,Wed 19 Feb 15:26:30 EST 2020,8,Wed 19 Feb 15:26:51 EST 2020,2,Wed 19 Feb 2020 03:26:09 PM EST,6,Wed 19 Feb 15:26:19 EST 2020,1,Wed 19 Feb 15:26:18 EST 2020,8,Wed 19 Feb 15:26:31 EST 2020,2,Wed 19 Feb 2020 03:26:27 PM EST
2848,root,,1,Wed 19 Feb 15:49:15 EST 2020,2,Wed 19 Feb 2020 03:49:41 PM EST,6,Wed 19 Feb 15:49:19 EST 2020,4,Wed 19 Feb 15:49:45 EST 2020,1,Wed 19 Feb 15:48:56 EST 2020,8,Wed 19 Feb 15:49:20 EST 2020,6,Wed 19 Feb 15:49:06 EST 2020,10,Wed 19 Feb 15:50:08 EST 2020,4,Wed 19 Feb 15:49:31 EST 2020
2867,root,,1,Wed 19 Feb 16:46:41 EST 2020,2,Wed 19 Feb 2020 04:47:11 PM EST,7,Wed 19 Feb 16:46:39 EST 2020,1,Wed 19 Feb 16:47:15 EST 2020,8,Wed 19 Feb 16:47:03 EST 2020,1,Wed 19 Feb 16:46:16 EST 2020,7,Wed 19 Feb 16:46:26 EST 2020,8,Wed 19 Feb 16:46:50 EST 2020,1,Wed 19 Feb 16:47:01 EST 2020
2851,root,,10,Wed 19 Feb 15:58:44 EST 2020,1,Wed 19 Feb 15:58:19 EST 2020,3,Wed Feb 19 20:59:19 UTC 2020,10,Wed 19 Feb 15:58:31 EST 2020,9,Wed 19 Feb 15:59:03 EST 2020,1,Wed 19 Feb 15:58:55 EST 2020,10,Wed 19 Feb 15:59:16 EST 2020,3,Wed Feb 19 20:58:38 UTC 2020,1,Wed 19 Feb 15:58:07 EST 2020
2854,root,,1,Wed 19 Feb 16:07:13 EST 2020,1,Wed 19 Feb 16:07:41 EST 2020,6,Wed 19 Feb 16:08:10 EST 2020,1,Wed 19 Feb 16:07:54 EST 2020,1,Wed 19 Feb 16:06:59 EST 2020,6,Wed 19 Feb 16:07:24 EST 2020,10,Wed 19 Feb 16:07:58 EST 2020,6,Wed 19 Feb 16:07:42 EST 2020,1,Wed 19 Feb 16:07:29 EST 2020
2843,root,,3,Wed Feb 19 20:34:52 UTC 2020,1,Wed 19 Feb 15:34:35 EST 2020,10,Wed 19 Feb 15:34:53 EST 2020,1,Wed 19 Feb 15:34:48 EST 2020,2,Wed 19 Feb 2020 03:35:18 PM EST,8,Wed 19 Feb 15:34:51 EST 2020,10,Wed 19 Feb 15:34:40 EST 2020,4,Wed 19 Feb 15:35:06 EST 2020,1,Wed 19 Feb 15:34:22 EST 2020
